"Ref #","Employee Name","Leave Type","Start Date","End Date","Total Days",Status,Remarks,"Submission Date"
12,"Unknown (61)","Sick leave",2026-04-22,2026-04-24,3,"Pending Manager",erer,2026-04-22
11,"emp portal","Sick leave",2026-04-22,2026-04-23,2,Approved,rtr,2026-04-22
10,"emp portal","Annual Leave",2026-04-22,2026-04-24,3,"Pending Manager",sdere,2026-04-22
9,"emp portal","Urgent work leave",2026-04-22,2026-04-23,2,"Pending Manager",ffdtefd,2026-04-22
8,"emp portal","Long Sick Leave",2026-04-22,2026-05-01,8,Approved,f,2026-04-22
7,"emp portal","Sick leave",2026-03-09,2026-03-10,2,"Pending Manager",w3er,2026-03-09
6,"emp portal","Sick leave",2026-02-08,2026-02-09,1,"Pending Manager",test,2026-02-08
5,"Unknown (61)","Sick leave",2026-02-02,2026-02-04,3,Unknown,5565,2026-02-02
4,"Unknown (61)","Sick leave",2026-02-02,2026-02-04,3,Unknown,5565,2026-02-02
